consommation_energie,classe_consommation_energie,estimation_ges,classe_estimation_ges,annee_construction,surface_habitable,nombre_niveaux,surface_baies_orientees_nord,surface_baies_orientees_est_ouest,surface_baies_orientees_sud,surface_planchers_hauts_deperditifs,surface_planchers_bas_deperditifs,surface_parois_verticales_opaques_deperditives,longitude,latitude,tr001_modele_dpe_type_libelle,tr002_type_batiment_libelle
307.0,E,75.0,F,1948,194.0,2.0,4.82,9.33,11.23,115.0,88.0,210.0,2.3993455,47.0925072,Vente,Maison
416.0,F,29.0,D,1978,68.0,1.0,0.0,7.28,0.95,0.0,68.0,101.5,3.298055,49.8404533,Location,Logements collectifs
237.58,E,71.27,F,1948,90.0,3.0,4.17,0.03,9.1,90.0,58.0,0.0,3.502297,44.520861,Vente,Maison
202.18,D,60.65,F,1948,105.3,1.0,4.08,3.57,7.38,105.3,105.3,0.0,3.50005,44.518311,Vente,Appartement
473.0,G,29.0,D,1948,85.0,2.0,0.0,9.87,0.0,54.0,42.0,136.36,3.2080918,45.6218562,Vente,Maison
90.36,B,27.11,D,2009,124.0,1.0,0.25,10.48,8.45,124.0,124.0,0.0,3.177491,44.30669,Vente,Maison
279.0,E,80.0,F,1948,148.92,2.0,0.0,19.3,0.0,74.46,74.46,97.94,3.276949,44.802935,Vente,Maison
462.0,G,27.0,D,1948,75.0,1.0,5.04,0.0,7.04,75.0,75.0,92.0,3.5951225,44.3246561,Vente,Appartement
709.0,G,194.0,G,1948,60.55,1.0,1.11,3.0,6.0,60.55,60.55,100.83,0.4032326,44.1216572,Vente,Appartement
723.09,G,41.07,E,2013,21.0,1.0,0.0,1.6,0.0,21.0,21.0,46.2,3.469753,44.526786,Location,Appartement
542.38,G,29.97,D,1981,29.62,1.0,0.0,6.79,0.0,29.62,29.62,54.0,3.502546,44.514784,Vente,Appartement
640.34,G,36.98,E,1995,31.0,1.0,0.0,5.92,0.0,31.0,31.0,54.05,3.502521,44.519107,Location,Appartement
422.0,F,26.0,D,1948,110.0,3.0,0.0,19.77,0.0,38.0,36.0,80.0,3.28054,44.803509,Vente,Maison
195.0,D,48.0,E,1948,157.0,2.0,0.0,18.2,19.9,78.5,78.5,163.0,3.5873646,44.3370114,Vente,Maison
256.0,E,50.0,E,1947,67.67,2.0,0.0,5.96,4.97,29.52,30.27,80.41,3.145836,44.438195,Vente,Maison
318.0,E,74.0,F,1989,61.0,1.0,0.36,2.04,7.08,61.0,61.0,80.0,3.193196,44.707482,Vente,Maison
556.0,G,36.0,E,1948,159.0,3.0,5.24,6.95,7.5,53.0,56.3,263.0,3.699468,44.400183,Vente,Maison
352.0,F,24.0,D,1978,106.0,2.0,3.44,4.02,7.48,52.0,53.0,143.0,3.699468,44.400183,Vente,Maison
246.0,E,58.0,F,1983,85.24,2.0,0.0,11.49,0.0,49.71,49.71,86.93,3.548758,44.535075,Location,Maison
532.0,G,31.0,D,1974,31.77,2.0,0.0,6.98,0.0,35.58,31.77,62.44,3.919044,44.436994,Vente,Maison
350.0,F,21.0,D,1978,100.97,1.0,2.87,1.62,7.34,100.97,100.97,78.21,3.543776,44.534411,Vente,Maison
214.83,D,10.21,B,1983,140.0,1.0,2.4,10.22,10.48,95.0,143.0,107.0,3.261542,44.521338,Vente,Maison
370.78,F,111.23,G,1969,127.0,2.0,6.43,1.63,24.95,154.0,70.0,130.2,3.504241,44.518315,Vente,Maison
269.09,E,15.76,C,1980,160.0,3.0,1.58,3.57,16.66,160.0,80.0,276.3,3.491742,44.518421,Vente,Maison
383.0,F,23.0,D,1948,58.0,2.0,0.0,0.81,9.12,31.0,31.0,104.0,3.548648,44.536145,Vente,Maison
418.19,F,19.61,C,1986,56.0,2.0,0.0,10.94,0.0,56.0,28.0,117.0,3.612554,44.569642,Vente,Maison
301.44,E,15.98,C,1988,72.0,1.0,6.0,0.0,3.0,72.0,72.0,102.7,3.481227,44.52502,Vente,Appartement
488.0,G,72.0,F,1948,114.0,2.0,5.37,0.0,0.0,57.0,57.0,180.0,3.566865,44.542113,Vente,Maison
679.0,G,47.0,E,1978,91.0,1.0,19.44,0.0,3.96,91.0,91.0,120.0,3.201114,44.43673,Location,Maison
481.04,G,144.31,G,1960,90.0,1.0,2.63,11.44,10.48,90.0,90.0,78.0,3.281578,44.545943,Vente,Maison
485.0,G,145.0,G,1948,106.0,1.0,0.42,6.96,5.22,106.0,106.0,98.0,3.535547,44.371691,Vente,Maison
221.0,D,66.0,F,1948,103.0,1.0,3.52,6.08,5.28,103.0,103.0,119.0,3.22746,44.586073,Vente,Appartement
229.45,D,8.57,B,1949,33.0,1.0,0.8,3.96,1.12,33.0,33.0,29.0,3.290749,44.552351,Vente,Appartement
227.52,D,8.55,B,1949,34.0,1.0,0.98,3.52,0.5,34.0,34.0,30.0,3.290749,44.552351,Vente,Appartement
280.85,E,11.19,C,1949,26.0,1.0,0.0,0.0,2.8,26.0,26.0,10.0,3.290749,44.552351,Vente,Appartement
247.0,E,9.91,B,1949,34.0,1.0,1.5,3.96,0.8,34.0,34.0,30.0,3.290749,44.552351,Vente,Appartement
286.42,E,11.88,C,1949,28.0,1.0,0.0,2.47,0.0,28.0,28.0,10.0,3.290749,44.552351,Vente,Appartement
309.17,E,14.97,C,1949,41.0,1.0,0.0,0.0,2.64,41.0,41.0,30.0,3.290749,44.552351,Vente,Appartement
513.06,G,29.93,D,1949,50.0,1.0,0.8,0.0,4.4,50.0,50.0,40.0,3.290999,44.552166,Vente,Appartement
905.0,G,12.0,C,1948,46.55,1.0,3.97,0.0,4.36,46.55,46.55,78.84,3.346431,44.467436,Vente,Maison
405.0,F,111.0,G,1948,120.0,2.0,0.0,2.33,9.3,64.0,45.0,174.0,3.247547,44.882016,Vente,Maison
418.0,F,114.0,G,1948,90.0,2.0,0.0,2.33,9.3,45.0,45.0,149.0,3.247547,44.882016,Vente,Maison
127.47,C,38.24,E,1948,54.75,1.0,0.0,5.53,0.0,54.75,54.75,90.0,3.275629,44.802897,Location,Appartement
138.66,C,41.6,E,1994,72.0,1.0,2.36,1.56,4.64,72.0,72.0,65.0,3.241164,44.241081,Vente,Maison
374.0,F,12.0,C,1947,94.0,1.0,0.0,0.0,0.0,56.0,50.43,115.7,3.549584,44.536849,Vente,Maison
266.0,E,8.0,B,1947,94.0,1.0,0.0,0.0,0.0,56.0,50.43,115.7,3.549584,44.536849,Vente,Maison
249.69,E,60.96,F,1980,170.0,1.0,4.13,30.62,17.9,170.0,170.0,161.0,3.474929,44.527267,Vente,Maison
217.41,D,65.22,F,1948,107.0,2.0,0.64,0.0,8.42,118.5,26.0,0.0,3.498452,44.520897,Vente,Maison
154.88,D,2.21,A,1973,95.0,2.0,0.0,6.76,10.5,67.0,117.0,116.0,3.293013,44.561295,Vente,Maison
396.92,F,12.92,C,1948,78.0,2.0,0.48,4.16,5.57,78.0,39.0,0.0,3.500176,44.51755,Vente,Maison
204.97,D,8.05,B,1949,45.0,1.0,3.36,0.0,0.0,45.0,45.0,13.0,3.50064,44.517827,Location,Appartement
328.94,E,14.01,C,1949,23.0,1.0,0.0,1.41,0.0,23.0,23.0,10.0,3.50064,44.517827,Location,Appartement
232.04,E,9.5,B,1949,40.0,1.0,3.96,0.0,0.0,40.0,40.0,12.0,3.50064,44.517827,Location,Appartement
243.82,E,12.27,C,1949,70.0,2.0,2.8,0.0,1.8,50.0,35.0,30.0,3.50064,44.517827,Location,Appartement
150.0,C,35.0,D,1948,61.0,1.0,4.97,0.0,4.88,61.0,61.0,78.65,3.252494,44.870154,Location,Appartement
152.38,D,5.94,A,1980,71.0,1.0,4.46,0.0,10.51,71.0,71.0,30.0,3.491323,44.518927,Vente,Appartement
289.57,E,16.34,C,1980,100.0,2.0,0.0,8.91,1.24,100.0,70.0,80.0,3.485094,44.633511,Location,Maison
378.6,F,21.63,D,1985,50.26,1.0,0.0,6.89,0.0,85.28,48.0,60.0,3.531917,44.376313,Vente,Appartement
594.0,G,178.0,G,1948,150.0,2.0,13.03,4.39,10.01,107.4,150.0,190.93,3.28604,44.725221,Vente,Maison
347.0,F,91.0,G,1948,120.33,2.0,1.54,7.14,12.19,82.9,82.9,124.04,3.542353,44.535779,Vente,Maison
215.0,D,57.0,F,1947,106.0,2.0,1.34,0.0,10.73,56.0,56.0,160.0,3.522217,44.376486,Vente,Maison
234.95,E,11.82,C,1981,74.0,1.0,8.32,0.0,9.52,74.0,74.0,45.0,3.502066,44.517851,Vente,Appartement
205.21,D,12.78,C,1976,72.0,1.0,2.23,6.83,7.7,72.0,72.0,70.0,3.492988,44.519863,Vente,Appartement
174.0,D,35.0,D,1989,180.0,1.0,3.82,8.19,10.05,90.0,90.0,129.04,3.285128,44.719653,Vente,Maison
215.0,D,8.0,B,2013,84.0,2.0,0.0,0.0,4.98,38.0,38.0,56.23,3.286269,44.724607,Location,Maison
252.46,E,11.85,C,1984,49.62,1.0,0.0,6.18,1.82,49.62,49.62,56.0,3.501268,44.519429,Vente,Appartement
344.0,F,40.0,E,1948,153.0,4.0,0.0,10.05,2.68,41.0,26.5,314.0,3.200321,44.436105,Vente,Maison
247.74,E,12.07,C,1981,140.0,2.0,1.56,3.1,9.91,140.0,70.0,80.0,3.482203,44.523033,Vente,Maison
469.0,G,29.0,D,1975,81.47,1.0,3.31,13.66,12.13,81.69,81.69,96.13,3.286238,44.722651,Vente,Maison
375.0,F,14.0,C,1978,164.0,2.0,4.02,6.71,12.73,79.0,79.0,172.0,3.740158,44.365003,Vente,Maison
420.0,F,15.0,C,1948,56.8,1.0,0.0,2.47,6.0,31.84,22.68,43.67,3.047163,44.719337,Vente,Maison
138.0,C,4.0,A,2006,122.6,1.0,0.97,9.64,9.22,122.6,122.6,157.18,6.4341131,43.4249733,Vente,Maison
275.0,E,53.0,E,1948,120.0,2.0,0.55,1.09,5.06,60.0,60.0,147.48,3.179566,44.454787,Vente,Maison
207.0,D,62.0,F,1947,56.0,3.0,0.0,2.68,1.53,23.0,23.0,106.0,3.535701,44.370043,Vente,Maison
209.08,D,10.39,B,1970,95.0,2.0,2.32,5.37,6.73,30.0,30.0,100.0,3.2927,44.550137,Vente,Maison
329.37,E,10.72,B,1948,57.0,1.0,2.26,0.0,6.16,57.0,57.0,30.0,3.499404,44.51714,Vente,Appartement
440.0,F,112.0,G,1948,72.5,2.0,2.8,2.08,5.27,40.0,79.5,112.2,3.8467204,44.7290108,Vente,Maison
230.0,D,69.0,F,1947,139.82,2.0,1.3,0.0,13.29,71.0,50.0,230.69,3.200109,44.435331,Vente,Maison
146.0,C,44.0,E,2001,111.2,1.0,1.34,6.38,7.72,112.0,111.2,134.0,3.655158,44.24014,Vente,Maison
428.0,F,128.0,G,1973,90.31,1.0,3.72,5.18,8.45,91.98,85.79,137.55,3.22746,44.586073,Vente,Maison
409.0,F,13.0,C,1947,51.5,2.0,0.0,2.61,0.0,20.0,31.5,85.0,3.53523,44.370288,Vente,Appartement
590.0,G,157.0,G,1948,50.41,1.0,1.3,6.02,5.08,50.41,55.15,96.44,3.543101,44.533237,Location,Maison
382.06,F,17.38,C,1980,130.0,3.0,0.0,14.55,0.0,130.0,70.17,127.0,3.502822,44.512958,Vente,Maison
112.0,C,33.0,D,1947,106.5,2.0,0.0,4.29,6.36,81.42,53.0,147.71,-0.8663145,45.7086926,Vente,Maison
250.1,E,12.13,C,1996,58.5,1.0,0.0,7.28,0.0,58.5,58.5,78.45,3.503311,44.519938,Location,Appartement
213.57,D,64.07,F,1957,62.0,1.0,2.4,3.0,6.77,62.0,62.0,90.0,3.507797,44.522255,Vente,Maison
148.0,C,35.0,D,2001,103.0,2.0,0.0,5.19,2.34,70.0,70.0,118.0,3.655403,44.240182,Vente,Maison
577.0,G,85.0,G,1948,108.0,4.0,0.0,9.22,7.78,54.0,108.0,161.0,3.906596,44.594913,Vente,Maison
555.48,G,166.64,G,1969,60.0,1.0,0.0,4.55,3.63,60.0,60.0,83.0,3.390899,44.778221,Vente,Maison
387.49,F,22.58,D,1975,71.0,1.0,1.95,6.76,3.48,71.0,71.0,94.8,3.491323,44.518927,Vente,Appartement
227.83,D,6.35,B,1986,75.0,0.0,1.4,0.5,0.0,30.6,45.0,28.45,3.208087,44.191196,Vente,Maison
72.77,B,21.83,D,1948,137.0,3.0,18.12,1.81,0.49,137.0,56.0,206.0,3.341886,44.467411,Location,Maison
229.47,D,12.09,C,2009,105.0,1.0,5.11,1.96,6.75,105.0,105.0,108.9,3.392982,44.499276,Vente,Maison
575.0,G,7.0,B,1978,62.0,1.0,0.54,10.05,0.0,62.0,62.0,84.0,3.69515,44.373796,Vente,Maison
185.0,D,55.0,E,1978,51.0,1.0,0.0,3.99,3.36,51.0,51.0,68.0,3.533948,44.373927,Location,Appartement
347.79,F,104.34,G,1948,86.0,1.0,0.0,7.29,2.23,128.0,58.0,100.0,3.50273,44.520731,Copropriete,Maison
328.15,E,19.33,C,1985,108.0,1.0,2.88,12.03,2.88,108.0,81.0,130.0,3.54113,44.481684,Location,Maison
185.64,D,55.69,E,1977,40.0,1.0,0.0,7.71,0.0,40.0,40.0,46.9,3.548115,44.536173,Location,Maison
373.0,F,111.0,G,1948,78.0,2.0,0.96,2.78,2.68,44.86,44.86,90.64,3.187417,44.443168,Vente,Maison
605.0,G,7.0,B,1948,112.2,3.0,0.0,11.8,7.88,48.83,125.35,128.0,3.542185,44.536494,Vente,Maison
328.0,E,17.0,C,1978,49.0,1.0,0.0,5.3,0.0,49.0,49.0,72.5,3.533592,44.370585,Vente,Appartement
251.0,E,6.0,B,1947,132.0,2.0,13.15,0.0,0.0,76.0,56.0,150.0,3.535876,44.370664,Vente,Maison
302.0,E,90.0,G,1948,133.0,1.0,13.42,8.16,0.0,86.5,86.0,136.0,3.655403,44.240182,Vente,Maison
101.0,C,30.0,D,1989,135.0,1.0,1.34,9.72,14.02,70.0,125.0,107.0,3.549068,44.537397,Location,Maison
434.0,F,24.0,D,1948,50.0,1.0,1.92,2.0,0.0,50.0,50.0,78.0,3.5951225,44.3246561,Location,Appartement
450.0,F,27.0,D,1948,111.0,1.0,3.05,5.94,13.28,98.0,98.0,162.0,6.2504983,46.2844516,Vente,Maison
210.0,D,47.0,E,1948,126.0,0.0,0.0,0.0,0.0,126.0,126.0,0.0,3.230594,44.239448,Vente,Appartement
225.19,D,4.47,A,1948,92.0,0.0,0.0,0.0,0.0,92.0,92.0,0.0,3.230594,44.239448,Vente,Appartement
372.0,F,20.0,C,1978,45.6,1.0,0.0,6.36,0.78,45.6,45.6,67.1,3.577831,44.530863,Vente,Appartement
330.0,E,15.0,C,1978,127.0,2.0,1.92,4.1,7.64,81.4,129.18,166.78,3.257155,44.9223,Vente,Maison
623.0,G,186.0,G,1947,56.0,2.0,2.28,0.0,11.32,36.0,36.0,84.0,3.655403,44.240182,Vente,Maison
339.0,F,17.0,C,1978,135.2,3.0,1.09,16.4,6.2,140.7,186.0,179.0,3.246989,44.878548,Vente,Maison
287.0,E,17.0,C,1983,132.0,2.0,0.0,12.83,3.1,73.0,45.0,154.0,3.346416,44.464377,Vente,Maison
104.0,C,21.0,D,2004,117.62,1.0,1.52,6.2,6.97,84.0,105.14,93.81,3.248569,44.87599,Vente,Maison
306.0,E,91.0,G,1948,205.14,3.0,0.79,17.09,7.04,159.0,81.0,237.14,3.196702,44.44391,Vente,Appartement
436.0,F,130.0,G,1948,52.2,4.0,0.58,0.0,6.68,31.5,75.5,110.3,3.536614,44.369486,Vente,Maison
318.0,E,95.0,G,1948,52.0,4.0,0.58,0.0,6.68,60.0,75.5,110.28,3.536614,44.369486,Vente,Maison
257.0,E,58.0,F,1948,55.16,1.0,15.78,0.0,0.0,55.16,55.16,44.48,3.548383,44.536276,Location,Appartement
213.0,D,10.0,B,2001,100.0,1.0,0.0,9.67,3.72,88.0,88.0,115.77,3.547329,44.537084,Location,Maison
157.0,D,5.0,A,2001,47.15,1.0,0.0,0.0,6.21,47.15,47.15,17.34,3.201114,44.43673,Location,Maison
250.0,E,11.0,C,1983,105.0,2.0,0.83,9.13,2.68,65.0,67.0,106.0,3.655403,44.240182,Vente,Maison
339.0,F,16.0,C,2001,35.0,1.0,0.72,0.0,3.38,37.0,35.0,51.45,3.246868,44.879036,Location,Appartement
322.0,E,14.0,C,1983,81.0,1.0,1.34,4.02,4.96,81.0,81.0,93.0,3.655403,44.240182,Vente,Maison
146.0,C,8.0,B,1978,173.0,1.0,17.24,0.0,0.0,174.0,173.0,156.6,3.257155,44.9223,Vente,Maison
340.0,F,102.0,G,1948,116.0,3.0,0.8,4.02,8.71,45.0,45.0,202.0,3.536174,44.370564,Vente,Maison
160.0,D,48.0,E,1947,136.25,2.0,1.4,3.97,5.09,79.0,69.38,120.9,3.554132,44.536786,Vente,Maison
250.0,E,75.0,F,1948,52.75,1.0,0.0,10.89,0.0,52.75,52.75,54.9,3.548582,44.534983,Vente,Appartement
363.0,F,4.0,A,1947,57.0,3.0,7.12,0.0,0.0,33.54,56.48,118.6,2.750937,45.0837488,Vente,Maison
303.0,E,72.0,F,1978,100.0,1.0,0.0,7.34,6.5,70.0,64.0,88.0,3.281338,44.728133,Vente,Maison
256.0,E,76.0,F,1978,93.6,2.0,8.19,1.74,1.74,85.6,93.6,126.14,3.281338,44.728133,Location,Maison
312.0,E,85.0,G,1947,57.26,1.0,5.31,2.64,5.31,24.82,57.25,113.17,3.907276,44.593714,Vente,Appartement
132.0,C,39.0,E,1947,90.0,2.0,4.02,0.0,8.14,45.0,45.0,78.0,3.523344,44.376771,Location,Maison
312.0,E,55.0,E,1947,40.0,2.0,3.92,0.0,1.52,25.0,20.0,92.0,3.522347,44.376825,Vente,Maison
387.0,F,15.0,C,1983,65.0,1.0,3.35,0.0,3.62,65.0,65.0,80.0,3.655403,44.240182,Vente,Maison
576.0,G,7.0,B,1947,64.5,2.0,0.0,10.64,0.0,28.0,28.0,108.0,3.722144,44.388959,Location,Maison
403.0,F,13.0,C,1947,64.0,1.0,0.0,9.29,0.0,40.0,40.0,106.0,3.5951225,44.3246561,Location,Appartement
174.0,D,52.0,E,1947,120.0,3.0,0.0,0.0,0.0,40.0,40.0,65.0,3.524965,44.376949,Vente,Maison
289.0,E,13.0,C,1974,126.8,3.0,1.78,6.66,23.26,63.25,70.5,170.0,3.869178,44.406332,Vente,Maison
327.0,E,18.0,C,2006,21.79,1.0,0.0,1.37,3.72,21.79,21.79,63.76,3.345915,44.469456,Vente,Maison
255.0,E,14.0,C,1978,75.0,1.0,1.34,5.5,8.18,75.0,75.0,88.0,3.533987,44.373617,Location,Appartement
373.0,F,54.0,E,1948,140.0,2.0,3.62,9.08,2.68,95.0,70.0,132.0,3.655403,44.240182,Vente,Maison
215.0,D,3.0,A,2006,93.0,3.0,0.0,11.27,0.0,51.52,48.0,152.26,3.931767,44.441866,Vente,Maison
179.0,D,37.0,E,1948,75.36,1.0,0.0,7.86,4.48,75.36,75.36,142.37,3.246868,44.879036,Vente,Appartement
239.0,E,39.0,E,1948,28.2,4.0,0.0,1.89,0.0,28.2,28.2,65.03,3.246868,44.879036,Vente,Appartement
255.0,E,45.0,E,1948,28.2,4.0,0.0,1.89,0.0,28.2,28.2,63.14,3.246868,44.879036,Vente,Appartement
420.0,F,12.0,C,1947,108.0,3.0,0.0,6.8,0.0,44.0,54.0,146.0,3.536948,44.369681,Vente,Maison
353.0,F,82.0,G,1948,83.0,1.0,2.68,10.27,0.0,83.0,83.0,98.0,3.655403,44.240182,Vente,Maison
248.0,E,12.0,C,2001,69.0,1.0,1.34,1.34,2.68,69.0,64.0,80.0,3.536315,44.36972,Location,Appartement
242.0,E,12.0,C,2001,78.0,2.0,0.0,7.42,2.6,71.0,71.0,106.0,3.536315,44.36972,Location,Appartement
288.0,E,10.0,B,1985,105.0,1.0,4.98,2.85,6.06,95.47,95.47,124.16,3.204836,44.432978,Vente,Maison
291.0,E,51.0,E,1948,20.8,1.0,0.0,2.29,0.0,20.8,20.8,50.28,3.246868,44.879036,Vente,Logements collectifs
566.0,G,34.0,D,1948,51.18,2.0,0.0,0.0,6.12,30.0,32.0,56.38,3.169596,44.437091,Vente,Maison
305.0,E,91.0,G,1948,94.63,3.0,7.22,2.18,14.86,39.0,39.0,105.04,3.146143,44.438015,Vente,Maison
307.0,E,92.0,G,1975,180.71,4.0,0.0,22.64,1.36,91.04,187.96,271.25,3.248192,44.881922,Vente,Maison
282.0,E,84.0,G,1975,180.71,4.0,0.0,22.64,1.36,91.04,187.96,271.25,3.248192,44.881922,Vente,Maison
276.0,E,15.0,C,1983,105.0,2.0,1.34,9.52,0.0,60.0,60.0,126.0,3.545555,44.533657,Vente,Maison
234.0,E,70.0,F,1947,85.0,2.0,0.0,9.48,3.62,50.0,45.0,114.0,3.536186,44.370103,Vente,Maison
329.0,E,20.0,C,1975,151.0,2.0,0.0,16.06,5.37,62.0,62.0,220.0,3.655403,44.240182,Vente,Maison
256.0,E,6.0,B,1948,66.0,1.0,3.22,2.68,2.68,51.0,48.0,106.0,3.319532,44.30264,Location,Maison
691.0,G,27.0,D,1948,85.0,1.0,5.37,1.34,5.37,85.0,85.0,96.0,3.655403,44.240182,Vente,Maison
401.0,F,23.0,D,1978,80.97,1.0,15.7,0.0,0.0,80.93,80.92,115.85,3.344773,44.469912,Vente,Maison
329.0,E,14.0,C,1948,86.61,2.0,0.8,13.21,1.76,46.61,86.61,132.46,3.286493,44.724512,Location,Maison
275.0,E,82.0,G,1948,124.66,4.0,0.0,30.35,0.0,38.0,150.84,250.15,3.542769,44.533739,Vente,Maison
141.0,C,1.0,A,2006,128.0,1.0,2.68,0.0,19.12,140.0,128.0,118.0,3.319532,44.30264,Vente,Maison
691.0,G,36.0,E,1974,45.94,2.0,3.93,0.0,1.32,32.49,32.49,89.52,3.919044,44.436994,Vente,Maison
220.0,D,40.0,E,2001,65.0,1.0,0.0,13.07,0.0,44.12,50.05,110.56,3.342143,44.465979,Location,Appartement
227.0,D,39.0,E,2001,45.0,1.0,0.0,4.76,0.0,47.25,45.78,85.44,3.342308,44.465951,Location,Appartement
305.0,E,91.0,G,2001,20.0,1.0,3.94,0.0,0.0,20.0,20.0,50.49,3.342308,44.465951,Location,Appartement
285.0,E,85.0,G,1948,119.0,2.0,2.34,5.28,12.66,64.8,64.0,104.16,3.145996,44.438001,Vente,Maison
122.0,C,5.0,A,2012,155.46,1.0,2.97,9.6,6.08,155.46,155.46,138.86,3.544094,44.535896,Vente,Maison
43.79,A,1.43,A,2016,107.74,0.0,3.76,5.83,9.21,107.74,107.74,107.74,3.926273,44.250193,Neuf,Maison
333.0,F,10.0,B,1947,45.88,1.0,1.89,2.6,0.0,31.91,31.98,48.24,3.14592,44.438014,Location,Maison
286.0,E,3.0,A,1947,61.0,2.0,8.28,0.0,0.0,30.0,30.0,25.0,3.800536,44.224721,Vente,Maison
353.0,F,4.0,A,1947,55.0,2.0,5.37,0.0,0.0,28.0,27.0,0.0,1.7345953,44.4079948,Vente,Maison
395.0,F,111.0,G,1948,176.0,2.0,7.62,8.82,14.64,109.75,176.0,233.17,3.246868,44.879036,Vente,Maison
563.0,G,34.0,D,1948,50.0,1.0,1.34,6.39,1.34,50.0,50.0,72.0,3.742365,44.364111,Vente,Maison
120.0,C,31.0,D,2001,153.6,2.0,1.45,0.0,22.18,114.7,153.6,164.7,3.547417,44.53322,Vente,Maison
249.0,E,43.0,E,1947,110.0,2.0,11.0,0.0,0.0,0.0,55.0,0.0,3.343062,44.467192,Vente,Maison
281.0,E,3.0,A,1983,88.0,2.0,6.3,1.34,9.28,44.0,44.0,124.0,3.655403,44.240182,Vente,Maison
80.04,B,0.08,A,2015,48.45,0.0,39.63,158.37,40.5,475.52,475.52,475.52,3.504432,44.529542,Neuf,Appartement
80.37,B,0.08,A,2015,48.25,0.0,39.63,158.37,40.5,475.52,475.52,475.52,3.504432,44.529542,Neuf,Appartement
81.06,B,0.08,A,2015,83.72,0.0,39.63,158.37,40.5,475.52,475.52,475.52,3.504432,44.529542,Neuf,Appartement
81.32,B,0.08,A,2015,83.46,0.0,39.63,158.37,40.5,475.52,475.52,475.52,3.504432,44.529542,Neuf,Appartement
81.32,B,0.08,A,2015,83.46,0.0,39.63,158.37,40.5,475.52,475.52,475.52,3.504432,44.529542,Neuf,Appartement
80.39,B,0.08,A,2015,46.23,0.0,39.63,158.37,40.5,475.52,475.52,475.52,3.504432,44.529542,Neuf,Appartement
80.97,B,0.08,A,2015,45.9,0.0,39.63,158.37,40.5,475.52,475.52,475.52,3.504432,44.529542,Neuf,Appartement
80.99,B,0.08,A,2015,45.89,0.0,39.63,158.37,40.5,475.52,475.52,475.52,3.504432,44.529542,Neuf,Appartement
80.37,B,0.08,A,2015,63.33,0.0,39.63,158.37,40.5,475.52,475.52,475.52,3.504432,44.529542,Neuf,Appartement
80.4,B,0.08,A,2015,63.31,0.0,39.63,158.37,40.5,475.52,475.52,475.52,3.504432,44.529542,Neuf,Appartement
80.37,B,0.08,A,2015,63.33,0.0,39.63,158.37,40.5,475.52,475.52,475.52,3.504432,44.529542,Neuf,Appartement
80.35,B,0.08,A,2015,63.35,0.0,39.63,158.37,40.5,475.52,475.52,475.52,3.504432,44.529542,Neuf,Appartement
80.28,B,0.08,A,2015,63.4,0.0,39.63,158.37,40.5,475.52,475.52,475.52,3.504432,44.529542,Neuf,Appartement
229.0,D,68.0,F,1948,98.1,2.0,0.0,0.0,14.93,65.32,98.12,142.3,3.249887,44.88221,Vente,Maison
80.26,B,0.08,A,2015,63.42,0.0,39.63,158.37,40.5,475.52,475.52,475.52,3.504432,44.529542,Neuf,Appartement
81.08,B,0.08,A,2015,65.77,0.0,39.63,158.37,40.5,475.52,475.52,475.52,3.504432,44.529542,Neuf,Appartement
81.08,B,0.08,A,2015,65.77,0.0,39.63,158.37,40.5,475.52,475.52,475.52,3.504432,44.529542,Neuf,Appartement
80.95,B,0.08,A,2015,65.87,0.0,39.63,158.37,40.5,475.52,475.52,475.52,3.504432,44.529542,Neuf,Appartement
80.95,B,0.08,A,2015,65.87,0.0,39.63,158.37,40.5,475.52,475.52,475.52,3.504432,44.529542,Neuf,Appartement
81.06,B,0.08,A,2015,65.78,0.0,39.63,158.37,40.5,475.52,475.52,475.52,3.504432,44.529542,Neuf,Appartement
81.05,B,0.08,A,2015,65.79,0.0,39.63,158.37,40.5,475.52,475.52,475.52,3.504432,44.529542,Neuf,Appartement
80.84,B,0.08,A,2015,47.97,0.0,39.63,158.37,40.5,475.52,475.52,475.52,3.504432,44.529542,Neuf,Appartement
72.22,B,0.07,A,2016,74.45,0.0,19.38,16.37,67.35,210.35,210.35,210.35,3.504432,44.529542,Neuf,Appartement
72.87,B,0.07,A,2016,43.87,0.0,19.38,16.37,67.35,210.35,210.35,210.35,3.504432,44.529542,Neuf,Appartement
72.9,B,0.07,A,2016,43.85,0.0,19.38,16.37,67.35,210.35,210.35,210.35,3.504432,44.529542,Neuf,Appartement
72.64,B,0.07,A,2016,44.01,0.0,19.38,16.37,67.35,210.35,210.35,210.35,3.504432,44.529542,Neuf,Appartement
72.77,B,0.07,A,2016,68.89,0.0,19.38,16.37,67.35,210.35,210.35,210.35,3.504432,44.529542,Neuf,Appartement
72.53,B,0.07,A,2016,69.12,0.0,19.38,16.37,67.35,210.35,210.35,210.35,3.504432,44.529542,Neuf,Appartement
72.78,B,0.07,A,2016,68.88,0.0,19.38,16.37,67.35,210.35,210.35,210.35,3.504432,44.529542,Neuf,Appartement
72.56,B,0.07,A,2016,81.11,0.0,19.38,16.37,67.35,210.35,210.35,210.35,3.504432,44.529542,Neuf,Appartement
72.39,B,0.07,A,2016,80.29,0.0,19.38,16.37,67.35,210.35,210.35,210.35,3.504432,44.529542,Neuf,Appartement
666.0,G,13.0,C,1948,75.0,2.0,0.0,0.0,14.87,38.0,75.0,129.24,3.246868,44.879036,Vente,Maison
296.0,E,17.0,C,2006,118.0,1.0,10.71,2.28,2.68,170.0,79.0,158.0,3.747487,44.361759,Vente,Maison
423.0,F,79.0,F,1948,86.07,1.0,1.17,1.6,6.68,40.0,43.0,95.0,3.657189,44.241385,Location,Maison
308.0,E,16.0,C,1978,48.8,1.0,1.34,7.37,0.0,48.8,48.8,78.0,3.534266,44.372727,Location,Appartement
373.0,F,98.0,G,1948,149.33,2.0,1.51,13.79,13.33,85.48,77.0,191.88,3.151129,44.422437,Vente,Maison
184.0,D,7.0,B,2008,158.35,1.0,0.0,5.39,17.47,115.9,89.0,187.14,3.257155,44.9223,Vente,Maison
157.0,D,47.0,E,1947,190.0,4.0,0.0,0.0,0.0,49.34,190.0,0.0,3.286068,44.722666,Vente,Maison
251.0,E,56.0,F,1983,93.85,2.0,11.19,7.53,0.0,100.05,93.85,115.8,3.542669,44.533801,Vente,Appartement
255.0,E,56.0,F,1983,93.85,2.0,11.19,8.29,0.0,100.05,93.85,115.8,3.542669,44.533801,Vente,Appartement
246.0,E,10.0,B,1983,118.13,2.0,4.16,4.51,9.91,85.37,118.23,126.95,0.2471109,48.0358072,Vente,Maison
508.0,G,125.0,G,1948,71.0,1.0,0.0,14.73,1.34,71.0,71.0,98.0,3.73868,44.365882,Vente,Maison
344.0,F,103.0,G,1948,53.03,1.0,0.0,0.0,7.62,62.2,61.4,63.86,3.542669,44.533801,Vente,Logements collectifs
364.0,F,78.0,F,1983,93.85,2.0,11.19,8.29,0.0,100.05,93.85,115.8,3.542669,44.533801,Vente,Appartement
283.0,E,8.0,B,2012,54.2,2.0,0.0,11.14,0.0,43.02,66.2,96.0,3.280906,44.7137,Vente,Maison
239.0,E,51.0,E,2001,97.0,1.0,0.0,4.04,4.96,58.0,58.0,125.0,3.319532,44.30264,Vente,Maison
570.0,G,7.0,B,1948,134.16,1.0,2.57,3.14,3.0,114.34,152.62,141.77,3.199291,44.435574,Vente,Maison
272.0,E,9.0,B,1978,77.0,1.0,0.09,4.02,4.69,77.0,77.0,108.0,3.528444,44.3795,Vente,Maison
327.0,E,31.0,D,1978,71.0,1.0,3.96,0.0,6.63,96.8,71.0,92.76,3.281347,44.713678,Vente,Maison
742.0,G,45.0,E,1975,32.0,1.0,0.0,10.58,0.0,32.0,32.0,54.0,3.9216151,44.4392919,Vente,Maison
254.0,E,3.0,A,1989,113.5,1.0,4.02,4.96,4.96,113.5,113.5,126.0,3.528487,44.378499,Vente,Maison
269.0,E,80.0,F,1978,80.0,1.0,0.0,8.71,3.62,80.0,80.0,106.0,3.249887,44.88221,Location,Appartement
216.0,D,64.0,F,1983,49.0,1.0,0.0,3.52,0.0,49.0,49.0,40.0,3.249887,44.88221,Location,Appartement
336.0,F,16.0,C,1983,31.0,1.0,1.2,1.34,0.0,31.0,31.0,38.0,3.249887,44.88221,Location,Appartement
300.0,E,10.0,B,1983,79.8,1.0,7.82,0.0,7.15,79.8,79.8,117.6,3.249887,44.88221,Location,Appartement
173.0,D,5.0,A,1947,70.0,3.0,0.0,0.0,0.0,25.4,76.2,0.0,3.531206,44.529726,Vente,Maison
249.0,E,41.0,E,1948,30.0,1.0,0.0,3.1,0.0,30.0,30.0,61.65,3.249887,44.88221,Location,Appartement
181.0,D,36.0,E,1948,70.5,3.0,5.89,2.01,0.0,39.35,70.5,132.08,3.246868,44.879036,Location,Appartement
234.0,E,35.0,D,1948,30.0,1.0,0.0,3.1,0.0,30.0,30.0,61.65,3.249887,44.88221,Location,Appartement
362.0,F,108.0,G,1975,111.66,3.0,0.36,7.57,4.22,66.9,59.59,164.02,3.346588,44.464065,Vente,Maison
737.0,G,39.0,E,1948,46.0,1.0,3.32,5.65,0.0,46.0,46.0,82.2,3.745725,44.365271,Vente,Maison
242.0,E,3.0,A,1948,136.43,2.0,0.0,4.94,7.85,76.02,60.41,125.61,3.309389,44.671511,Vente,Maison
221.0,D,66.0,F,1975,110.84,2.0,9.03,0.0,14.53,50.3,50.3,88.4,3.549047,44.53736,Vente,Maison
522.0,G,156.0,G,1948,50.07,1.0,0.0,6.77,3.26,50.07,50.07,70.86,3.149772,44.423845,Vente,Maison
145.0,C,43.0,E,2004,135.31,1.0,1.32,8.73,8.96,105.11,103.5,150.5,3.547601,44.535874,Vente,Maison
283.0,E,74.0,F,1948,164.42,2.0,7.7,6.37,13.15,85.35,85.35,138.35,3.051559,44.72126,Vente,Maison
125.0,C,25.0,D,1989,146.0,2.0,0.54,5.36,13.36,76.0,76.0,195.0,3.525254,44.377382,Location,Maison
524.0,G,23.0,D,1948,86.0,1.0,1.7,0.0,9.37,86.0,86.0,116.0,3.531917,44.376313,Vente,Maison
321.0,E,4.0,A,1989,77.4,2.0,0.59,5.34,3.6,40.0,47.3,98.7,3.634375,44.661726,Vente,Maison
145.0,C,4.0,A,1947,30.77,1.0,0.0,0.0,0.0,0.0,30.77,0.0,3.748209,44.725429,Vente,Appartement
488.0,G,146.0,G,1948,54.0,1.0,1.87,8.58,2.68,54.0,54.0,78.0,3.741078,44.365007,Vente,Maison
224.0,D,67.0,F,1948,124.66,4.0,0.0,30.35,0.0,38.0,150.84,250.15,3.542769,44.533739,Vente,Maison
133.0,C,4.0,A,2006,150.0,2.0,2.72,0.0,16.15,97.56,149.4,167.8,3.257155,44.9223,Location,Maison
450.0,F,96.0,G,1948,68.0,3.0,0.0,0.65,9.0,39.75,79.0,136.72,3.249887,44.88221,Vente,Maison
373.0,F,5.0,A,1975,44.7,1.0,0.52,2.21,3.15,44.7,44.7,71.55,3.845421,44.355534,Vente,Maison
301.0,E,11.0,C,1948,93.2,1.0,0.47,0.0,17.6,93.2,93.2,115.05,3.8585583,44.7310162,Vente,Maison
501.0,G,16.0,C,1947,53.0,1.0,0.0,0.0,0.0,53.0,53.0,0.0,3.341886,44.467411,Location,Maison
746.0,G,47.0,E,1948,91.2,2.0,4.11,19.32,0.0,49.0,94.9,141.85,3.343013,44.46691,Vente,Maison
283.0,E,84.0,G,1948,149.0,1.0,3.84,19.78,2.77,140.19,98.0,189.61,3.699468,44.400183,Vente,Maison
271.0,E,7.0,B,1978,120.3,2.0,2.04,0.0,17.04,99.1,145.45,146.75,3.249887,44.88221,Vente,Maison
283.0,E,84.0,G,1978,149.0,1.0,3.84,19.78,2.77,140.19,98.0,189.61,3.699468,44.400183,Vente,Maison
89.0,B,1.0,A,1947,110.75,1.0,0.0,0.0,0.0,112.87,112.87,120.15,3.252494,44.870154,Neuf,Maison
314.0,E,16.0,C,1948,29.0,1.0,5.88,0.0,0.0,29.0,29.0,57.1,3.252494,44.870154,Vente,Appartement
618.0,G,166.0,G,1948,95.0,1.0,4.02,5.58,12.8,95.0,95.0,124.0,3.5951225,44.3246561,Vente,Maison
323.0,E,17.0,C,2000,169.85,1.0,0.0,20.94,4.23,108.0,108.0,124.05,3.04294,44.662063,Vente,Maison
262.0,E,14.0,C,2006,103.0,1.0,0.36,8.56,4.35,103.0,103.0,112.0,3.521522,44.376119,Location,Maison
289.0,E,15.0,C,1948,65.0,1.0,2.68,0.0,6.45,65.0,65.0,104.0,3.747487,44.361759,Vente,Appartement
205.0,D,48.0,E,1948,89.0,1.0,1.34,5.36,4.02,89.0,89.0,90.0,3.747487,44.361759,Vente,Appartement
384.0,F,18.0,C,1989,95.0,1.0,2.86,7.94,1.34,80.0,89.0,132.5,3.655648,44.240224,Vente,Maison
175.0,D,52.0,E,1978,102.0,1.0,10.32,2.68,0.0,102.0,102.0,106.0,3.548435,44.536845,Vente,Maison
438.0,F,131.0,G,1948,78.0,1.0,4.02,1.34,7.48,78.0,78.0,90.0,3.531524,44.37322,Vente,Maison
601.0,G,37.0,E,1948,82.0,2.0,0.0,0.0,15.05,31.42,85.3,155.04,3.343248,44.465562,Location,Maison
168.0,D,3.0,A,2006,88.1,1.0,0.0,9.9,7.0,88.1,88.1,102.43,3.148533,44.43929,Vente,Maison
219.0,D,11.0,C,1989,94.0,1.0,6.03,0.0,4.02,77.0,77.0,74.0,3.5951225,44.3246561,Location,Appartement
760.0,G,208.0,G,1948,121.0,2.0,0.0,30.7,0.0,83.5,121.0,199.45,3.907276,44.593714,Vente,Maison
313.0,E,14.0,C,1978,100.0,1.0,0.0,0.0,30.56,100.0,100.0,135.25,3.549238,44.535398,Vente,Maison
567.0,G,72.0,F,1948,108.0,2.0,2.64,1.88,3.48,54.0,54.0,122.0,3.738189,44.366099,Vente,Maison
79.0,B,1.0,A,2006,146.0,2.0,1.44,8.02,26.78,85.0,78.0,142.0,3.537225,44.375856,Vente,Maison
322.0,E,12.0,C,1983,91.5,2.0,0.0,12.73,0.0,85.97,91.7,128.6,3.337273,44.475632,Vente,Maison
405.0,F,24.0,D,1975,65.8,1.0,1.34,1.34,4.02,65.8,65.8,76.0,3.277692,44.572166,Location,Appartement
465.0,G,26.0,D,1948,33.62,1.0,4.55,0.0,0.0,33.62,33.62,52.39,3.277692,44.572166,Vente,Appartement
259.0,E,4.0,A,2006,66.7,1.0,10.56,0.0,0.0,66.7,66.7,98.5,3.339781,44.46449,Vente,Maison
239.0,E,51.0,E,2001,97.0,1.0,0.0,4.04,4.96,58.0,58.0,125.0,3.319532,44.30264,Vente,Maison
305.0,E,10.0,B,1989,75.0,1.0,1.86,0.0,21.09,90.53,75.0,91.6,3.239307,44.691967,Vente,Maison
73.0,B,1.0,A,1947,168.34,1.0,0.0,0.0,0.0,115.22,115.22,212.12,3.260574,44.919047,Neuf,Maison
154.0,D,2.0,A,1947,104.5,4.0,0.0,0.0,0.0,47.0,115.6,0.0,3.248192,44.881922,Location,Maison
377.0,F,113.0,G,1948,72.0,1.0,7.14,0.36,5.98,72.0,72.0,84.0,6.9455397,48.2858232,Vente,Maison
613.0,G,25.0,D,1989,66.32,1.0,0.0,9.91,0.0,66.32,66.32,86.25,3.246917,44.87843,Vente,Maison
122.0,C,3.0,A,2006,138.0,1.0,0.24,1.82,15.68,60.0,69.0,160.0,3.655403,44.240182,Vente,Maison
114.0,C,22.0,D,2001,195.0,1.0,4.02,6.7,16.74,158.0,158.0,216.0,3.534266,44.372727,Vente,Maison
253.0,E,45.0,E,1983,95.0,2.0,0.0,15.67,3.01,46.0,47.0,160.0,3.2080918,45.6218562,Vente,Maison
212.0,D,64.0,F,1974,85.16,1.0,0.0,0.0,11.57,85.16,78.57,88.38,3.926625,44.441484,Vente,Maison
230.0,D,4.0,A,2006,89.0,1.0,4.35,6.14,0.0,84.0,77.0,161.0,3.655403,44.240182,Vente,Maison
239.0,E,13.0,C,1978,153.47,2.0,0.25,22.1,0.0,65.6,153.58,186.99,3.548214,44.533837,Vente,Appartement
210.0,D,8.0,B,2006,107.0,1.0,2.68,7.64,10.71,107.0,107.0,109.0,4.7862087,47.2503532,Vente,Maison
289.0,E,16.0,C,2001,118.0,1.0,4.1,13.24,4.1,96.0,96.0,140.0,3.735498,44.366989,Vente,Maison
298.0,E,16.0,C,1978,77.0,1.0,0.0,3.38,1.69,77.0,77.0,88.0,2.1564497,48.4303382,Vente,Maison
161.0,D,48.0,E,2006,86.65,2.0,1.69,6.48,0.0,43.63,43.02,51.39,3.284869,44.723123,Location,Maison
519.0,G,137.0,G,1948,96.5,1.0,3.54,0.0,12.61,65.7,96.5,154.4,3.34385,44.465637,Vente,Maison
151.0,D,4.0,A,1947,168.0,1.0,0.0,0.0,0.0,168.0,168.0,0.0,3.5951225,44.3246561,Vente,Appartement
220.0,D,11.0,C,1983,79.0,1.0,0.25,10.57,0.0,79.0,79.0,86.72,3.277692,44.572166,Vente,Appartement
128.0,C,29.0,D,1989,113.3,1.0,5.47,0.0,11.04,89.91,81.6,132.05,3.339637,44.464342,Vente,Maison
140.0,C,7.0,B,2006,181.0,2.0,3.78,8.9,32.0,91.0,91.0,222.0,3.650144,44.247764,Vente,Maison
229.0,D,6.0,B,1978,94.0,1.0,0.42,4.02,6.97,94.0,77.0,125.0,3.528444,44.3795,Vente,Maison
278.0,E,53.0,E,1948,108.0,2.0,1.82,11.27,6.77,74.0,83.0,115.0,3.656034,44.240193,Vente,Maison
473.0,G,28.0,D,1983,156.17,2.0,0.0,19.42,0.0,80.45,75.7,167.06,3.544031,44.534769,Vente,Maison
434.0,F,130.0,G,1948,96.0,2.0,0.0,13.56,0.0,69.0,63.0,98.0,3.248192,44.881922,Vente,Maison
306.0,E,9.0,B,1947,94.0,2.0,2.54,5.18,1.18,22.0,65.0,75.0,3.34385,44.465637,Vente,Maison
471.0,G,125.0,G,1948,87.0,2.0,0.0,6.31,8.27,52.0,35.0,150.0,3.286238,44.722651,Vente,Maison
215.0,D,45.0,E,1978,116.0,2.0,0.65,16.14,0.24,58.0,58.0,168.0,3.655403,44.240182,Vente,Maison
247.0,E,8.0,B,1947,80.38,2.0,0.0,0.0,0.0,40.0,40.0,0.0,3.546398,44.535654,Vente,Appartement
239.0,E,12.0,C,2000,92.82,1.0,0.0,12.07,2.37,92.82,92.82,103.28,5.357419,49.206912,Vente,Maison
219.0,D,10.0,B,1983,131.5,2.0,0.0,0.0,16.36,87.3,86.07,145.69,3.548082,44.533374,Vente,Maison
338.0,F,18.0,C,1948,45.35,1.0,7.3,0.0,0.0,45.35,45.35,91.83,3.534019,44.530118,Vente,Appartement
308.0,E,16.0,C,1948,51.22,1.0,13.02,0.0,0.0,51.22,51.22,89.18,3.534019,44.530118,Vente,Appartement
239.0,E,11.0,C,1983,65.0,1.0,0.0,2.68,6.3,65.0,65.0,106.0,3.926389,44.248741,Vente,Maison
148.0,C,2.0,A,2006,92.0,2.0,1.34,13.93,3.17,46.0,48.0,63.63,3.734536,44.366395,Vente,Maison
230.0,D,12.0,C,1975,97.0,2.0,0.0,12.07,1.2,42.0,35.0,158.0,3.648997,44.229021,Location,Maison
193.0,D,2.0,A,1948,77.16,2.0,0.0,0.0,12.57,65.04,57.0,114.53,3.2883725,44.5416085,Location,Maison
295.0,E,9.0,B,1989,56.0,1.0,4.35,2.68,0.0,36.0,36.0,100.0,6.3162714,45.261661,Vente,Maison
185.0,D,50.0,E,1978,102.53,1.0,0.0,0.0,12.21,102.53,102.53,106.47,3.284775,44.723041,Vente,Appartement
223.0,D,61.0,F,1978,88.0,1.0,0.0,4.04,3.45,108.8,102.53,89.05,3.284775,44.723041,Vente,Appartement
228.0,D,68.0,F,1947,77.1,1.0,0.0,6.0,0.0,30.0,30.0,0.0,1.1438529,42.9836542,Vente,Maison
178.0,D,53.0,E,1989,106.32,1.0,19.13,8.27,0.0,108.62,108.16,169.51,3.535746,44.37414,Vente,Maison
489.0,G,11.0,C,1947,115.0,2.0,0.0,0.0,0.0,61.0,61.0,0.0,6.6236527,44.6706214,Location,Maison
311.0,E,72.0,F,1948,55.0,1.0,1.69,6.4,0.0,55.0,55.0,80.0,3.5951225,44.3246561,Vente,Appartement
326.0,E,17.0,C,1989,60.44,1.0,1.43,1.43,6.72,60.44,60.44,63.88,3.566865,44.542113,Location,Appartement
329.0,E,17.0,C,1989,60.44,1.0,1.43,1.43,6.72,60.44,60.44,63.88,3.566865,44.542113,Location,Appartement
416.0,F,124.0,G,1948,88.0,1.0,0.0,10.06,8.33,84.0,84.0,114.0,3.655403,44.240182,Vente,Maison
164.0,D,49.0,E,1986,139.0,1.0,2.5,5.6,6.4,120.0,100.0,108.0,3.652996,44.626313,Vente,Maison
421.0,F,19.0,C,1978,77.0,1.0,0.0,9.0,2.6,77.0,77.0,85.23,6.5791808,44.8537992,Vente,Maison
457.0,G,110.0,G,1948,45.0,2.0,5.46,1.82,0.0,25.0,17.0,105.0,3.535319,44.370499,Vente,Maison
323.0,E,4.0,A,1989,67.0,1.0,8.45,0.0,0.0,53.17,47.1,112.64,3.727256,44.752929,Vente,Maison
173.0,D,8.0,B,2006,56.0,1.0,0.0,0.0,4.96,56.0,56.0,45.0,3.54738,44.533149,Vente,Appartement
240.0,E,3.0,A,1999,69.47,1.0,1.62,3.24,5.12,69.47,69.47,89.08,3.340197,44.464452,Location,Maison
177.0,D,41.0,E,1998,74.45,2.0,1.49,8.57,0.0,57.7,57.5,103.39,3.339957,44.464471,Location,Maison
201.0,D,55.0,E,1999,82.82,2.0,0.0,5.72,2.95,45.7,45.8,119.98,3.54383,44.533026,Location,Maison
208.0,D,57.0,F,1999,82.82,2.0,2.95,5.72,0.0,45.7,45.8,119.98,3.54383,44.533026,Location,Maison
198.0,D,54.0,E,1999,82.82,2.0,0.0,5.0,5.04,45.7,45.8,119.98,3.54383,44.533026,Location,Maison
172.0,D,47.0,E,1947,61.43,2.0,2.42,0.0,0.0,42.2,0.0,109.68,6.6236527,44.6706214,Location,Maison
172.0,D,47.0,E,1947,64.0,1.0,2.42,0.0,0.0,64.0,0.0,109.68,6.6236527,44.6706214,Location,Appartement
213.0,D,10.0,B,1989,157.61,2.0,1.33,5.68,10.96,93.29,77.32,213.3,3.524981,44.377473,Vente,Maison
143.0,C,39.0,E,1999,76.94,1.0,2.36,1.0,4.58,76.94,76.94,65.19,3.298055,49.8404533,Location,Maison
143.0,C,39.0,E,1999,76.94,1.0,2.36,1.0,4.58,76.94,76.94,65.19,3.298055,49.8404533,Location,Maison
146.0,C,10.0,B,1999,88.52,1.0,1.0,2.0,5.94,57.54,57.54,117.76,3.298055,49.8404533,Location,Maison
146.0,C,10.0,B,1999,88.52,1.0,1.0,2.0,5.94,57.54,57.54,117.76,3.298055,49.8404533,Location,Maison
128.0,C,35.0,D,1999,88.52,1.0,1.0,2.0,5.94,57.54,57.54,117.76,3.298055,49.8404533,Location,Maison
128.0,C,35.0,D,1999,88.52,1.0,1.0,2.0,5.94,57.54,57.54,117.76,3.298055,49.8404533,Location,Maison
148.0,C,40.0,E,1999,105.25,2.0,1.0,2.0,6.94,57.54,57.5,117.55,3.298055,49.8404533,Location,Maison
180.0,D,49.0,E,1999,78.84,1.0,0.0,6.31,1.0,78.84,78.84,98.33,3.298055,49.8404533,Location,Maison
310.0,E,16.0,C,1999,65.76,1.0,3.39,0.0,6.37,65.76,65.76,69.86,3.544655,44.533689,Location,Maison
153.0,D,42.0,E,1947,61.43,2.0,2.42,0.0,0.0,0.0,0.0,109.68,6.6236527,44.6706214,Location,Appartement
230.0,D,63.0,F,1947,89.7,2.0,2.42,0.0,0.0,0.0,0.0,109.68,6.6236527,44.6706214,Location,Appartement
138.0,C,37.0,E,1947,89.7,2.0,2.42,0.0,0.0,0.0,0.0,109.68,6.6236527,44.6706214,Location,Appartement
131.0,C,39.0,E,1983,132.0,2.0,0.0,9.89,12.05,66.0,80.0,150.0,3.655403,44.240182,Location,Maison
257.0,E,3.0,A,1995,75.78,2.0,4.88,0.62,7.53,39.96,39.53,129.25,3.655403,44.240182,Location,Maison
220.0,D,4.0,A,1995,93.33,2.0,4.17,0.0,8.94,52.62,52.6,124.59,3.655403,44.240182,Location,Maison
245.0,E,3.0,A,1995,76.73,2.0,4.05,0.0,8.39,38.37,38.37,136.61,3.655403,44.240182,Location,Maison
279.0,E,3.0,A,1995,75.27,2.0,6.78,0.0,7.62,39.9,40.5,130.23,3.655403,44.240182,Location,Maison
277.0,E,3.0,A,1995,75.61,2.0,6.78,0.0,8.01,40.5,40.5,130.75,3.655403,44.240182,Location,Maison
250.0,E,3.0,A,1995,73.33,1.0,3.88,1.56,5.81,73.33,73.33,92.0,3.655403,44.240182,Location,Maison
229.0,D,3.0,A,1995,50.64,1.0,1.2,0.0,5.66,32.49,33.3,43.92,3.655403,44.240182,Location,Maison
250.0,E,3.0,A,1995,77.02,1.0,2.5,1.25,5.77,33.5,65.15,85.36,3.655403,44.240182,Location,Maison
219.0,D,3.0,A,1995,77.02,1.0,2.5,0.0,6.94,33.5,65.15,55.96,3.655403,44.240182,Location,Maison
215.0,D,3.0,A,1995,76.25,1.0,2.42,0.0,6.62,53.7,38.81,61.44,3.655403,44.240182,Location,Maison
228.0,D,3.0,A,1995,76.25,1.0,2.42,3.75,5.45,53.7,38.81,83.3,3.655403,44.240182,Location,Maison
250.0,E,5.0,A,1995,75.75,1.0,0.0,11.74,3.75,49.18,42.28,101.04,3.655403,44.240182,Location,Maison
229.0,D,62.0,F,1999,66.33,2.0,1.2,3.36,0.26,26.73,46.04,122.52,3.655403,44.240182,Location,Maison
226.0,D,62.0,F,1999,66.33,2.0,0.26,3.36,1.2,26.73,46.04,122.52,3.655403,44.240182,Location,Maison
223.0,D,61.0,F,1999,76.46,2.0,0.26,4.13,0.0,46.43,46.4,140.25,3.655403,44.240182,Location,Maison
274.0,E,8.0,B,1998,76.79,2.0,0.57,0.0,11.4,32.45,32.45,121.21,3.196762,44.452013,Location,Maison
272.0,E,8.0,B,1998,76.79,2.0,0.57,0.0,11.4,32.45,32.45,118.19,3.196499,44.452135,Location,Maison
324.0,E,17.0,C,1998,75.61,2.0,2.5,3.75,8.2,28.7,47.45,88.76,3.198232,44.436213,Location,Maison
324.0,E,17.0,C,1998,75.61,2.0,2.5,3.75,8.2,28.7,47.45,88.76,3.198664,44.436552,Location,Maison
261.0,E,7.0,B,1998,75.75,2.0,2.5,3.75,8.2,28.7,43.7,88.76,3.197714,44.436784,Location,Maison
260.0,E,7.0,B,1998,75.75,2.0,2.5,3.75,8.2,28.7,43.7,88.76,3.197714,44.436784,Location,Maison
277.0,E,9.0,B,1998,62.8,2.0,1.25,4.32,4.41,28.7,35.0,79.96,3.197954,44.436854,Location,Maison
231.0,E,69.0,F,1947,86.0,1.0,0.0,0.0,0.0,86.0,86.0,0.0,3.540563,44.533291,Vente,Appartement
550.0,G,91.0,G,1948,131.14,2.0,0.0,19.99,0.0,77.0,54.0,206.49,3.2080918,45.6218562,Vente,Maison
264.0,E,8.0,B,1947,37.06,1.0,2.42,0.0,0.0,0.0,0.0,0.0,3.547668,44.53684,Location,Appartement
213.0,D,6.0,B,1947,58.12,1.0,2.42,0.0,0.0,0.0,0.0,0.0,3.547668,44.53684,Location,Appartement
319.0,E,10.0,B,1948,86.5,2.0,4.47,11.89,0.0,54.0,46.85,140.3,3.345148,44.464274,Vente,Maison
433.0,F,23.0,D,1983,18.0,1.0,2.59,0.0,0.0,18.0,18.0,45.72,3.248192,44.881922,Vente,Appartement
388.0,F,20.0,C,1989,39.6,1.0,0.0,6.05,0.19,80.11,60.17,56.53,3.248192,44.881922,Vente,Appartement
240.0,E,5.0,A,1996,61.3,1.0,1.31,1.31,3.83,61.3,61.3,57.13,3.34385,44.465637,Location,Maison
235.0,E,4.0,A,1996,74.85,1.0,1.31,1.31,4.87,56.0,56.0,93.22,3.34385,44.465637,Location,Maison
141.0,C,3.0,A,2006,97.68,1.0,0.67,6.81,10.32,101.34,101.34,72.5,3.544052,44.532897,Vente,Maison
221.0,D,60.0,F,1997,73.48,1.0,0.0,4.49,4.07,52.47,52.47,122.82,3.246989,44.878548,Location,Maison
228.0,D,62.0,F,1997,73.48,1.0,3.46,4.07,1.03,52.47,52.47,122.82,3.246917,44.87843,Location,Maison
221.0,D,60.0,F,1997,73.48,1.0,0.0,4.49,4.07,52.47,52.47,122.82,3.246989,44.878548,Location,Maison
222.0,D,61.0,F,1997,73.48,1.0,1.03,4.07,3.46,52.47,52.47,122.82,3.246989,44.878548,Location,Maison
182.0,D,2.0,A,1947,57.81,2.0,2.42,0.0,0.0,0.0,0.0,0.0,6.6236527,44.6706214,Location,Appartement
277.0,E,3.0,A,1995,75.38,2.0,3.0,11.1,0.0,40.82,43.4,126.14,3.197671,44.433142,Location,Maison
353.0,F,19.0,C,1995,75.38,2.0,0.57,3.0,10.53,40.82,43.4,126.14,3.199589,44.436257,Location,Maison
373.0,F,21.0,D,1995,75.38,2.0,0.57,3.0,10.53,40.82,43.4,126.14,3.199087,44.436283,Location,Maison
313.0,E,16.0,C,1995,50.64,1.0,1.2,0.0,5.66,32.49,33.3,43.92,3.655403,44.240182,Location,Maison
326.0,E,16.0,C,1996,54.8,1.0,0.0,6.06,0.0,54.8,54.8,58.56,3.655403,44.240182,Location,Appartement
223.0,D,61.0,F,1999,76.46,2.0,0.26,4.13,0.0,46.43,46.4,140.25,3.655403,44.240182,Location,Maison
195.0,D,53.0,E,1995,85.53,1.0,1.5,3.67,4.44,56.91,60.1,118.54,3.255729,44.87398,Location,Maison
241.0,E,66.0,F,1947,74.3,2.0,2.42,0.0,0.0,0.0,0.0,109.68,6.6236527,44.6706214,Location,Appartement
301.0,E,64.0,F,1948,151.85,3.0,15.15,10.75,0.0,90.0,25.0,206.13,7.7666154,48.5513406,Location,Maison
221.0,D,66.0,F,1978,99.8,2.0,16.08,0.0,0.0,46.6,47.18,189.4,3.548582,44.534983,Vente,Maison
415.0,F,124.0,G,1948,104.34,2.0,0.8,12.75,10.9,31.0,52.0,167.4,5.1242785,44.2200252,Vente,Maison
207.0,D,56.0,F,1948,110.23,2.0,0.0,21.33,0.0,55.08,55.15,161.7,3.280943,44.719994,Vente,Maison
166.0,D,50.0,E,1975,163.71,1.0,15.42,13.82,0.0,146.0,132.26,199.82,3.727256,44.752929,Vente,Maison
333.63,F,18.93,C,1989,85.0,2.0,0.0,14.75,0.0,89.2,54.55,137.34,-0.813191,47.048052,Location,Maison
351.0,F,105.0,G,1948,80.42,1.0,0.6,0.0,16.77,80.42,80.42,95.05,3.548193,44.53288,Vente,Maison
186.0,D,2.0,A,2012,99.0,1.0,2.0,4.5,11.74,99.0,99.0,100.1,3.213658,44.762817,Vente,Maison
421.0,F,126.0,G,1948,202.9,2.0,13.58,22.49,17.87,190.0,190.0,278.22,3.531917,44.376313,Vente,Maison
314.0,E,18.0,C,1993,85.62,1.0,0.0,3.02,7.09,85.62,85.62,96.25,3.246947,44.8829,Location,Maison
274.0,E,82.0,G,1978,123.6,2.0,0.98,3.37,10.02,113.8,74.8,145.55,3.284595,44.722392,Vente,Maison
327.32,E,17.73,C,1992,67.0,1.0,0.0,11.11,0.0,67.0,67.0,72.23,-0.771684,47.055466,Location,Maison
672.0,G,185.0,G,1948,152.93,3.0,0.0,18.29,4.19,89.48,89.48,267.5,3.049384,44.720217,Vente,Maison
394.0,F,118.0,G,1948,89.61,2.0,0.0,14.64,0.0,53.5,53.5,90.0,3.246868,44.879036,Vente,Maison
254.0,E,25.0,D,1989,67.0,1.0,1.3,0.0,5.12,50.1,47.1,112.78,3.727256,44.752929,Vente,Maison
223.0,D,66.0,F,1983,104.1,2.0,24.07,0.0,0.0,66.57,66.0,152.0,3.339313,44.466225,Location,Maison
306.0,E,15.0,C,1978,45.08,1.0,0.0,8.65,0.0,45.08,45.08,74.5,3.252494,44.870154,Location,Appartement
691.0,G,43.0,E,1962,35.31,1.0,0.0,9.7,0.0,36.0,36.0,49.7,1.8954391,48.9867541,Vente,Appartement
412.0,F,75.0,F,1948,127.0,2.0,0.0,7.88,12.53,75.0,81.0,227.82,3.542642,44.535209,Vente,Maison
252.0,E,36.0,E,1948,142.0,2.0,0.0,13.03,3.85,81.71,81.71,145.97,3.531524,44.37322,Vente,Maison
282.0,E,9.0,B,1989,65.06,1.0,1.3,0.0,5.22,50.1,47.1,118.85,3.727256,44.752929,Vente,Maison
698.0,G,23.0,D,1948,57.37,2.0,0.0,7.7,2.56,40.0,40.0,154.0,3.735364,44.367187,Vente,Maison
513.0,G,30.0,D,2006,39.89,3.0,0.0,5.08,2.53,38.0,38.0,63.75,3.051331,44.721835,Vente,Maison
190.0,D,5.0,A,1948,86.0,1.0,2.24,1.92,5.81,43.0,43.0,125.0,3.0709671,50.6304695,Vente,Maison
227.0,D,1.0,A,1947,123.32,3.0,0.0,0.0,0.0,123.0,0.0,0.0,3.553882,44.535514,Vente,Maison
207.0,D,2.0,A,2006,133.88,2.0,2.08,1.26,9.38,71.0,71.0,177.19,3.257155,44.9223,Vente,Maison
329.0,E,19.0,C,1948,112.0,2.0,4.17,1.02,4.17,112.0,112.0,168.66,3.655403,44.240182,Vente,Maison
189.0,D,9.0,B,2019,202.81,2.0,3.64,13.58,15.18,132.17,85.89,186.73,3.542742,44.536528,Vente,Maison
374.0,F,112.0,G,1948,161.6,2.0,28.72,0.0,0.0,96.9,0.0,233.75,3.282974,44.72123,Vente,Maison
145.0,C,0.0,A,1948,44.18,1.0,4.72,1.47,5.58,48.18,44.18,67.66,3.546745,44.535701,Vente,Appartement
180.0,D,26.0,D,1978,170.19,2.0,0.0,6.93,3.6,170.19,170.19,253.76,3.535984,44.368293,Vente,Maison
322.0,E,17.0,C,1989,65.04,2.0,1.94,2.63,0.0,73.45,55.13,110.6,3.542669,44.533801,Vente,Appartement
396.0,F,59.0,F,1948,154.0,1.0,0.55,0.0,24.93,102.0,102.0,191.62,3.337127,44.471301,Vente,Maison
254.0,E,76.0,F,1975,170.65,2.0,1.36,21.67,8.51,85.0,75.0,220.0,3.2757822,44.7984108,Vente,Maison
574.0,G,35.0,D,1948,77.3,1.0,0.0,6.72,4.14,77.3,77.3,91.0,3.1258806,45.230661,Vente,Maison
541.0,G,32.0,D,1948,66.0,2.0,0.18,0.0,9.48,66.0,66.0,115.08,3.551107,44.535868,Location,Appartement
282.0,E,84.0,G,1948,93.05,1.0,1.32,6.8,3.96,93.0,70.0,71.0,3.290606,44.71354,Vente,Maison
307.0,E,61.0,F,1948,93.05,1.0,1.32,6.8,3.96,93.0,70.0,71.0,3.290606,44.71354,Vente,Maison
475.0,G,28.0,D,1978,78.41,2.0,4.8,4.67,0.9,38.0,40.0,112.5,3.286586,44.721692,Vente,Maison
354.0,F,97.0,G,1948,38.43,1.0,1.54,4.62,5.44,21.0,21.0,67.5,3.22746,44.586073,Vente,Appartement
328.0,E,4.0,A,1989,65.5,1.0,10.63,0.0,0.0,45.7,52.0,101.25,3.199046,44.442478,Location,Maison
167.0,D,50.0,E,2004,114.57,1.0,2.68,1.97,11.21,114.57,114.57,98.75,3.246868,44.879036,Vente,Maison
408.0,F,122.0,G,1948,131.0,2.0,1.34,9.55,10.02,81.0,72.07,179.98,3.856,44.457,Vente,Maison
226.0,D,11.0,C,2000,61.96,2.0,0.84,0.48,6.27,62.0,0.0,62.0,3.288143,44.556943,Vente,Appartement
268.0,E,42.0,E,1983,150.0,1.0,0.3,14.61,0.0,100.2,96.45,184.42,3.2080918,45.6218562,Vente,Maison
818.0,G,49.0,E,1948,32.0,1.0,0.0,7.06,0.0,32.0,32.0,36.75,3.246868,44.879036,Vente,Appartement
359.0,F,107.0,G,1948,67.37,1.0,6.33,0.0,8.5,33.0,33.0,80.0,3.246868,44.879036,Vente,Appartement
293.0,E,68.0,F,1948,70.0,1.0,0.0,2.68,4.02,70.0,70.0,50.0,3.945943,44.247822,Vente,Maison
262.0,E,9.0,B,1948,95.62,2.0,0.28,2.05,10.0,40.0,35.0,68.75,3.255729,44.87398,Location,Maison
449.0,F,134.0,G,1948,165.43,2.0,3.52,2.65,18.41,68.0,102.0,242.84,3.257155,44.9223,Vente,Maison
212.0,D,8.0,B,1978,133.0,2.0,1.3,4.2,9.4,60.0,72.0,160.0,3.537196,44.373045,Vente,Maison
510.0,G,153.0,G,1948,65.0,1.0,8.76,0.0,2.88,65.0,67.0,85.0,3.277692,44.572166,Vente,Maison
228.0,D,50.0,E,1989,139.55,2.0,2.16,5.18,10.64,56.0,83.0,170.0,3.246947,44.8829,Vente,Maison
210.38,D,6.85,B,1948,59.0,1.0,0.0,1.85,0.0,59.0,59.0,2.0,0.767657,44.532218,Copropriete,Appartement
522.0,G,56.0,F,1948,116.0,2.0,0.56,18.14,0.0,75.0,75.0,229.72,3.894527,44.633356,Vente,Maison
230.0,D,69.0,F,1975,137.98,2.0,4.42,7.24,13.16,102.69,74.5,85.8,4.546701,46.4504055,Vente,Maison
322.0,E,36.0,E,1948,81.99,1.0,1.82,14.41,0.0,78.33,70.0,74.82,3.247547,44.882016,Vente,Maison
557.0,G,23.0,D,1948,59.2,2.0,0.0,0.0,6.96,35.68,35.68,130.96,3.905574,44.265106,Vente,Maison
394.0,F,24.0,D,1948,156.53,2.0,2.54,12.62,2.07,106.0,106.0,205.46,3.537035,44.374621,Vente,Maison
220.0,D,66.0,F,1948,84.25,2.0,2.1,6.34,4.16,62.0,51.5,126.0,3.260865,44.888114,Location,Maison
182.0,D,42.0,E,1947,80.0,2.0,0.0,0.0,13.55,34.0,40.0,50.0,2.281873,44.553788,Vente,Maison
292.0,E,70.0,F,1975,98.97,2.0,1.68,8.14,1.95,66.0,65.4,129.5,3.19832,44.432422,Vente,Maison
545.0,G,110.0,G,1948,190.11,2.0,10.43,5.33,8.05,111.94,111.94,273.76,3.547982,44.532762,Vente,Maison
299.0,E,4.0,A,2006,45.1,1.0,1.1,3.3,5.59,38.0,38.0,62.5,3.69515,44.373796,Vente,Maison
447.0,F,24.0,D,1948,41.08,1.0,0.0,6.76,1.88,41.0,41.0,48.0,3.201114,44.43673,Location,Maison
329.0,E,18.0,C,1948,73.0,1.0,4.34,2.97,1.38,73.0,73.0,107.8,3.5951225,44.3246561,Vente,Appartement
315.0,E,94.0,G,1948,86.86,1.0,0.0,11.54,2.07,86.0,86.0,68.35,3.249887,44.88221,Vente,Maison
148.0,C,3.0,A,2006,134.0,2.0,1.13,9.25,8.76,88.0,102.0,133.0,3.246868,44.879036,Vente,Maison
282.0,E,42.0,E,1948,134.5,3.0,1.04,18.19,11.03,72.7,59.6,208.99,3.247547,44.882016,Location,Maison
430.0,F,129.0,G,1974,127.19,2.0,2.82,6.39,9.08,92.24,85.85,165.85,3.932903,44.438863,Vente,Maison
532.0,G,34.0,D,1948,103.25,1.0,1.45,10.3,3.36,80.0,80.0,137.5,3.273961,44.573981,Vente,Maison
112.0,C,4.0,A,2006,157.0,1.0,3.2,20.11,2.24,172.4,157.0,155.93,3.727256,44.752929,Vente,Maison
343.0,F,12.0,C,1983,85.54,2.0,0.5,5.4,6.31,60.6,51.0,119.0,3.319532,44.30264,Vente,Maison
335.0,F,75.0,F,1948,120.0,1.0,6.25,0.0,4.48,101.0,100.0,126.3,3.71,44.182,Vente,Maison
242.0,E,14.0,C,1948,120.0,1.0,6.25,0.0,4.48,101.0,100.0,126.3,3.71,44.182,Vente,Maison
1092.0,G,68.0,F,1948,23.5,1.0,0.0,1.56,4.9,23.5,23.5,51.25,7.512179,48.4888342,Vente,Maison
305.0,E,53.0,E,1990,110.8,2.0,2.62,3.0,7.51,98.0,98.0,167.5,3.947675,44.250916,Vente,Maison
214.0,D,8.0,B,1990,110.8,2.0,2.62,3.0,7.51,98.0,98.0,167.5,3.947675,44.250916,Vente,Maison
201.0,D,7.0,B,2008,47.08,1.0,0.0,0.0,7.11,55.93,55.93,27.5,3.54738,44.533149,Vente,Appartement
477.0,G,74.0,F,1948,155.5,2.0,0.0,27.2,10.64,81.0,81.0,185.0,3.34385,44.465637,Vente,Maison
296.0,E,88.0,G,1978,142.23,3.0,1.97,7.7,8.7,99.4,100.5,141.0,3.548769,44.533268,Vente,Maison
401.0,F,24.0,D,1983,178.46,2.0,3.64,10.72,14.9,98.57,77.19,235.35,3.197582,44.437181,Vente,Maison
219.0,D,48.0,E,1989,99.21,2.0,1.88,6.3,5.46,76.9,78.15,125.65,3.336926,44.475275,Vente,Maison
248.0,E,74.0,F,1948,165.48,2.0,2.94,14.58,2.02,91.79,98.15,174.36,3.247645,44.881438,Vente,Maison
147.0,C,44.0,E,1948,99.0,2.0,0.6,0.0,14.8,48.8,50.2,143.8,3.340385,44.467211,Vente,Maison
293.0,E,3.0,A,1978,103.0,2.0,8.35,0.0,9.64,65.0,65.0,193.79,3.655403,44.240182,Vente,Maison
288.0,E,9.0,B,2006,67.0,1.0,0.0,2.88,6.94,67.0,67.0,86.59,3.655403,44.240182,Vente,Maison
290.0,E,14.0,C,1983,48.8,1.0,9.01,0.0,0.0,48.8,48.8,70.05,3.542185,44.536494,Vente,Appartement
311.0,E,17.0,C,1983,61.6,1.0,0.63,7.06,3.58,55.1,45.0,102.74,3.34485,44.470318,Location,Maison
187.0,D,39.0,E,1989,98.09,2.0,3.56,7.4,1.43,49.0,49.94,134.94,3.193196,44.707482,Vente,Maison
219.0,D,3.0,A,2006,45.3,1.0,2.34,3.56,0.0,58.89,45.3,46.95,4.546701,46.4504055,Vente,Appartement
148.0,C,44.0,E,1983,136.71,2.0,5.43,3.13,12.48,109.91,83.29,137.39,3.22746,44.586073,Vente,Maison
400.0,F,26.0,D,1975,194.95,3.0,0.0,17.86,14.32,72.37,54.74,224.99,3.280322,44.713649,Vente,Maison
367.0,F,21.0,D,1978,107.0,1.0,1.35,13.04,0.0,107.0,96.75,127.93,-1.19884,47.293615,Location,Maison
173.0,D,51.0,E,2001,69.17,1.0,1.28,3.08,1.28,69.17,69.17,86.2,3.537092,44.374161,Vente,Maison
274.0,E,82.0,G,1948,151.07,2.0,2.01,9.02,10.66,91.13,91.13,191.22,3.655403,44.240182,Vente,Maison
229.0,D,12.0,C,1948,125.39,3.0,0.56,10.77,10.48,48.11,50.05,179.18,3.277692,44.572166,Vente,Maison
297.0,E,17.0,C,2006,134.9,3.0,1.33,29.4,6.23,106.53,49.51,215.64,3.800536,44.224721,Vente,Maison
220.0,D,11.0,C,1989,95.0,1.0,2.86,7.94,1.34,80.0,89.0,132.5,3.655648,44.240224,Vente,Maison
299.0,E,9.0,B,1989,107.21,1.0,0.0,9.33,0.0,107.21,107.2,105.84,3.246489,44.879998,Vente,Appartement
308.0,E,9.0,B,1989,102.11,1.0,0.0,9.33,0.0,102.11,102.11,118.12,3.246489,44.879998,Vente,Appartement
320.0,E,10.0,B,1989,69.39,1.0,0.0,5.41,0.0,69.0,69.39,91.55,3.246489,44.879998,Vente,Appartement
297.0,E,10.0,B,1989,85.48,2.0,0.9,7.0,0.0,79.0,79.06,108.42,3.246489,44.879998,Vente,Appartement
504.0,G,31.0,D,1974,76.22,1.0,0.9,8.46,0.0,83.16,78.97,98.5,3.909263,44.521431,Location,Appartement
445.0,F,108.0,G,1948,82.68,2.0,5.86,0.5,6.09,43.0,52.03,124.81,3.260865,44.888114,Vente,Maison
741.0,G,222.0,G,1948,56.2,1.0,4.99,0.0,8.12,56.2,56.2,101.89,3.727256,44.752929,Vente,Maison
938.0,G,61.0,F,1948,98.82,2.0,3.27,7.67,3.0,71.86,72.06,159.18,3.895165,44.634747,Vente,Maison
628.0,G,37.0,E,1989,37.75,1.0,1.57,1.26,3.77,37.75,37.75,67.99,3.283863,44.718439,Vente,Appartement
222.0,D,12.0,C,1983,56.74,2.0,0.0,3.86,10.11,40.91,40.91,111.88,3.945943,44.247822,Vente,Maison
95.0,C,3.0,A,2006,162.8,1.0,3.77,2.58,20.99,162.8,162.8,148.43,3.246989,44.878548,Vente,Maison
366.0,F,19.0,C,2006,35.2,1.0,0.0,2.73,0.0,32.0,35.2,80.21,3.246989,44.878548,Vente,Maison
122.0,C,36.0,E,1989,180.0,2.0,2.25,12.47,13.63,119.66,122.0,159.41,3.198152,44.43418,Vente,Maison
328.0,E,81.0,G,1948,150.0,2.0,2.15,11.54,16.06,109.0,112.0,186.0,3.187638,44.4525,Vente,Maison
529.0,G,158.0,G,1948,120.1,2.0,1.09,4.02,14.7,88.38,71.13,199.62,3.747487,44.361759,Vente,Maison
194.0,D,9.0,B,1948,110.0,2.0,0.47,14.15,0.81,53.0,53.0,142.5,3.926389,44.248741,Vente,Maison
261.0,E,58.0,F,1948,110.0,2.0,0.47,14.15,0.81,53.0,53.0,142.5,3.926389,44.248741,Vente,Maison
265.0,E,48.0,E,1983,96.96,2.0,6.25,0.0,5.68,88.8,88.8,164.63,3.655158,44.24014,Vente,Maison
393.0,F,21.0,D,1948,50.78,1.0,0.0,8.23,0.35,50.78,50.78,76.1,3.277692,44.572166,Location,Appartement
220.0,D,4.0,A,1989,149.3,2.0,2.65,2.31,9.42,95.0,77.85,146.9,3.695563,44.373116,Vente,Maison
392.0,F,100.0,G,1948,141.11,2.0,5.79,13.86,2.88,87.92,92.95,136.27,3.22746,44.586073,Vente,Maison
636.0,G,36.0,E,1948,84.65,2.0,0.51,1.68,5.22,55.73,56.06,139.6,3.906596,44.594913,Vente,Maison
411.0,F,25.0,D,1948,89.12,2.0,0.0,11.15,1.18,46.14,46.14,84.17,2.3285861,50.8800594,Vente,Maison
306.89,E,9.99,B,1948,36.15,1.0,0.0,0.24,0.81,34.07,34.07,0.0,-0.559481,44.824309,Copropriete,Appartement
147.82,C,4.81,A,1948,29.7,1.0,0.0,0.0,3.4,29.7,29.7,0.0,3.666104,44.504655,Copropriete,Appartement
446.0,F,25.0,D,1983,42.2,1.0,3.22,4.4,0.0,42.2,42.2,69.0,3.540964,44.533568,Vente,Appartement
212.0,D,5.0,A,2001,99.18,2.0,2.19,7.53,6.06,69.84,69.84,142.05,3.655403,44.240182,Vente,Maison
238.0,E,13.0,C,1948,62.18,2.0,0.0,8.75,0.0,31.49,29.16,36.06,3.273961,44.573981,Location,Maison
360.0,F,20.0,C,1989,71.0,2.0,0.0,4.54,5.06,54.3,46.1,110.6,3.727256,44.752929,Vente,Maison
435.0,F,21.0,D,1983,152.94,3.0,1.52,8.42,7.77,50.0,79.18,213.9,3.247547,44.882016,Vente,Maison
